ID,Name_surname,Age,Income,Education_Level,Debt_Status,Credit_History_Score,Loan_Type,Outstanding_Debt,Credit_Score
1,User_1,60,39814,Primary,Low,517,Personal,67657,1
2,User_2,36,51566,Secondary,Medium,525,Personal,77177,0
3,User_3,50,119492,Secondary,Low,816,Mortgage,20618,1
4,User_4,23,147702,Secondary,High,420,Education,69205,1
5,User_5,52,20431,Primary,Medium,375,Mortgage,82348,0
6,User_6,22,116508,Primary,Low,777,Personal,23154,1
7,User_7,39,86460,Primary,Low,673,Mortgage,86965,0
8,User_8,25,142132,PhD,Medium,449,Education,97277,0
9,User_9,39,126704,Secondary,High,435,Personal,91168,0
10,User_10,60,146891,Bachelor,High,619,Auto,26419,1
11,User_11,58,77195,Primary,Low,837,Personal,57865,1
12,User_12,52,127077,PhD,Low,336,Auto,13078,0
13,User_13,38,35934,Bachelor,High,747,Education,38725,0
14,User_14,60,84537,PhD,High,617,Education,28252,0
15,User_15,49,43929,Master,Medium,548,Personal,27079,1
16,User_16,29,131773,Primary,Medium,479,Personal,94783,1
17,User_17,45,100792,Master,Low,501,Mortgage,76300,0
18,User_18,56,54781,Secondary,Low,574,Auto,17636,1
19,User_19,26,35727,Master,Low,369,Mortgage,79366,1
20,User_20,63,100535,Secondary,Low,745,Auto,45326,0
21,User_21,37,140393,Primary,High,312,Auto,91202,0
22,User_22,48,86641,Primary,Low,542,Mortgage,42851,1
23,User_23,42,21940,Master,Medium,825,Personal,20440,0
24,User_24,60,101541,Master,High,786,Education,68209,0
25,User_25,64,74419,Bachelor,Medium,530,Personal,69576,1
26,User_26,19,44542,Bachelor,Low,516,Mortgage,18454,0
27,User_27,57,40459,Primary,Medium,584,Personal,31494,1
28,User_28,68,120462,Primary,High,343,Education,14099,1
29,User_29,33,138932,Master,High,394,Auto,87646,0
30,User_30,46,86590,PhD,Low,763,Auto,60594,1
31,User_31,46,81024,Secondary,High,615,Mortgage,33688,0
32,User_32,24,87738,Master,High,606,Education,5694,0
33,User_33,39,145587,Secondary,Medium,642,Personal,28435,0
34,User_34,24,147288,Primary,Medium,720,Auto,70170,0
35,User_35,39,27868,PhD,High,668,Personal,99503,0
36,User_36,59,72930,Bachelor,Low,724,Auto,96646,0
37,User_37,57,74796,Bachelor,Low,618,Personal,63462,0
38,User_38,39,90089,Primary,Medium,303,Mortgage,1446,1
39,User_39,25,58445,Bachelor,High,444,Education,98804,0
40,User_40,55,130587,PhD,Low,301,Personal,56065,0
41,User_41,64,118626,Bachelor,Medium,499,Personal,71042,0
42,User_42,25,136517,PhD,Medium,430,Auto,23060,0
43,User_43,68,89252,Primary,Medium,722,Mortgage,50648,0
44,User_44,37,140751,PhD,Low,624,Education,96257,1
45,User_45,61,148995,Primary,Low,437,Personal,80204,1
46,User_46,42,31652,Master,Low,487,Auto,4039,0
47,User_47,58,128826,Secondary,High,818,Auto,61112,0
48,User_48,49,53133,Master,High,734,Auto,12803,1
49,User_49,61,80114,Master,Medium,844,Auto,57337,0
50,User_50,20,69381,Primary,Medium,789,Mortgage,85114,0
51,User_51,59,142720,Bachelor,Low,543,Mortgage,59264,0
52,User_52,44,27879,Primary,High,515,Mortgage,76563,0
53,User_53,27,123747,Bachelor,Low,360,Mortgage,25096,0
54,User_54,65,93393,Master,Low,806,Education,63125,1
55,User_55,69,44632,Primary,High,306,Personal,8865,0
56,User_56,64,66748,Master,Low,784,Personal,78193,0
57,User_57,25,38774,Bachelor,Low,501,Mortgage,67487,1
58,User_58,48,119119,Secondary,High,663,Auto,31615,1
59,User_59,25,21079,Secondary,Low,825,Auto,66317,0
60,User_60,40,104377,Bachelor,Medium,334,Education,88623,1
61,User_61,40,82900,PhD,Low,849,Mortgage,74668,1
62,User_62,49,21776,Secondary,High,460,Auto,16133,1
63,User_63,65,56428,PhD,High,315,Mortgage,29186,1
64,User_64,43,65831,PhD,High,503,Auto,80594,0
65,User_65,53,40631,Master,Low,371,Education,78876,0
66,User_66,67,56149,Secondary,Medium,536,Education,69645,0
67,User_67,66,82967,Master,Medium,690,Education,83243,1
68,User_68,33,54391,Secondary,High,567,Personal,48532,1
69,User_69,23,81427,Primary,Low,675,Education,16207,1
70,User_70,54,134558,PhD,High,616,Education,27301,0
71,User_71,62,103633,Primary,High,619,Personal,28837,1
72,User_72,50,60145,Secondary,Low,684,Auto,16923,0
73,User_73,62,21415,Bachelor,Medium,531,Auto,87766,1
74,User_74,42,71574,Primary,High,734,Auto,3786,0
75,User_75,21,149946,PhD,High,412,Personal,1616,0
76,User_76,66,121655,Bachelor,Medium,489,Mortgage,87749,0
77,User_77,58,37246,Secondary,Medium,359,Education,22506,0
78,User_78,21,24395,Bachelor,Low,510,Personal,65141,1
79,User_79,20,133918,Bachelor,High,613,Education,59583,0
80,User_80,55,104071,Primary,High,390,Mortgage,71247,0
81,User_81,29,29982,Master,Medium,674,Education,52163,0
82,User_82,33,122537,Primary,Low,705,Mortgage,49099,1
83,User_83,49,36080,Master,Low,671,Auto,52421,1
84,User_84,25,127792,Master,High,605,Personal,16334,1
85,User_85,39,125606,Primary,Low,641,Mortgage,74553,0
86,User_86,40,125330,Master,High,593,Auto,32858,1
87,User_87,48,88290,Master,Medium,569,Mortgage,56725,0
88,User_88,59,123501,Bachelor,Medium,424,Education,46727,1
89,User_89,49,83932,Secondary,Low,699,Education,74745,1
90,User_90,34,17740,Bachelor,Low,704,Education,37479,0
91,User_91,22,37385,PhD,Low,714,Auto,82091,0
92,User_92,52,72736,PhD,Medium,822,Auto,69988,1
93,User_93,38,19475,PhD,Low,304,Mortgage,38650,1
94,User_94,33,87286,Secondary,High,345,Personal,45371,0
95,User_95,23,56912,Secondary,High,518,Auto,68709,0
96,User_96,32,113085,Bachelor,Low,821,Auto,52543,0
97,User_97,53,89298,Secondary,High,698,Mortgage,27029,1
98,User_98,39,104011,PhD,Low,785,Personal,16715,1
99,User_99,63,145860,Primary,Low,335,Education,16123,0
100,User_100,33,102207,Secondary,Low,786,Education,47191,0
101,User_101,49,131414,Secondary,Low,334,Auto,54690,1
102,User_102,49,93697,Primary,Medium,443,Education,21811,0
103,User_103,49,146247,Primary,Medium,756,Education,29534,0
104,User_104,59,121469,Secondary,Low,467,Auto,88482,0
105,User_105,20,59275,Master,Medium,440,Personal,44279,1
106,User_106,49,70671,PhD,Low,711,Auto,57780,1
107,User_107,53,59001,Master,High,815,Mortgage,11035,0
108,User_108,52,77051,Master,Medium,705,Mortgage,826,0
109,User_109,39,132073,Bachelor,High,328,Personal,33111,0
110,User_110,32,136214,Secondary,Low,431,Personal,28795,1
111,User_111,38,122278,Bachelor,Medium,451,Mortgage,47659,1
112,User_112,21,102674,Master,Low,731,Auto,99174,0
113,User_113,56,139579,Primary,High,478,Auto,28887,1
114,User_114,64,57239,Master,Low,308,Auto,94386,1
115,User_115,53,28233,Bachelor,High,703,Personal,95368,0
116,User_116,60,132101,Secondary,Medium,846,Auto,68833,1
117,User_117,29,61176,Primary,Medium,373,Education,74194,0
118,User_118,66,113576,Primary,Low,765,Education,75890,1
119,User_119,54,94170,Master,Low,749,Education,20336,1
120,User_120,57,104258,Bachelor,High,667,Auto,70658,0
121,User_121,70,90384,Secondary,Low,703,Education,59851,0
122,User_122,45,99882,Bachelor,Low,524,Mortgage,67023,1
123,User_123,21,140969,PhD,High,750,Mortgage,23397,0
124,User_124,39,25561,Secondary,Low,311,Personal,77304,1
125,User_125,26,98021,PhD,Low,613,Auto,6142,0
126,User_126,51,15486,Primary,Medium,552,Education,80224,1
127,User_127,42,35286,Master,High,726,Education,34752,1
128,User_128,59,34200,Bachelor,Medium,617,Mortgage,84608,1
129,User_129,38,44026,Secondary,Medium,784,Personal,37295,1
130,User_130,53,125006,Primary,High,778,Education,49764,0
131,User_131,49,122917,Secondary,Low,569,Personal,99348,0
132,User_132,32,18583,PhD,High,601,Mortgage,27092,1
133,User_133,31,138844,PhD,Medium,538,Auto,78745,1
134,User_134,57,43305,Secondary,High,661,Auto,26746,0
135,User_135,63,96838,Bachelor,High,416,Mortgage,95579,0
136,User_136,30,67517,Secondary,Medium,357,Education,29844,0
137,User_137,22,34960,Bachelor,High,367,Mortgage,36850,1
138,User_138,22,73737,Master,High,451,Personal,29776,0
139,User_139,27,76403,Bachelor,High,775,Auto,57427,1
140,User_140,39,100657,Primary,Medium,379,Mortgage,25466,1
141,User_141,22,139805,Master,Low,711,Mortgage,50920,0
142,User_142,25,122844,Master,Low,481,Education,94743,1
143,User_143,65,85672,Primary,Low,780,Personal,61138,1
144,User_144,30,80799,Master,Medium,409,Auto,26184,0
145,User_145,19,133759,Secondary,High,802,Mortgage,95809,1
146,User_146,46,108231,Bachelor,Medium,833,Auto,86307,1
147,User_147,46,131094,PhD,Medium,674,Education,20559,1
148,User_148,45,70779,PhD,Medium,353,Mortgage,42312,0
149,User_149,39,102827,Secondary,High,570,Mortgage,29895,1
150,User_150,26,38159,PhD,Medium,640,Personal,45815,1
151,User_151,57,139207,Master,Medium,631,Education,24234,1
152,User_152,29,22324,Primary,Low,763,Education,3792,1
153,User_153,22,126337,Bachelor,Low,334,Personal,91019,0
154,User_154,26,124768,Bachelor,Medium,488,Auto,18947,0
155,User_155,23,50525,Secondary,Low,309,Education,18578,1
156,User_156,59,112574,Master,High,331,Personal,72985,0
157,User_157,35,38877,Master,High,501,Auto,24860,0
158,User_158,49,44980,Secondary,Medium,394,Auto,90612,0
159,User_159,39,132616,Primary,Low,371,Education,80450,0
160,User_160,41,124353,Primary,Low,538,Education,6554,1
161,User_161,65,111917,Master,Low,539,Mortgage,97850,0
162,User_162,65,78690,Master,High,740,Personal,8860,1
163,User_163,44,147511,Master,High,669,Education,3228,0
164,User_164,19,47241,Bachelor,High,643,Auto,926,0
165,User_165,45,98912,Primary,High,470,Education,68463,0
166,User_166,35,142036,Secondary,Low,447,Personal,73693,0
167,User_167,54,144486,Master,High,433,Education,91371,1
168,User_168,39,123257,Secondary,Low,716,Mortgage,61641,0
169,User_169,63,82938,Master,Low,628,Mortgage,80278,1
170,User_170,57,114533,Master,High,526,Education,36356,1
171,User_171,49,16458,Secondary,Medium,826,Auto,70375,1
172,User_172,57,138838,Secondary,High,655,Education,21469,0
173,User_173,33,96084,Primary,Medium,323,Auto,95936,1
174,User_174,61,116649,Secondary,Medium,597,Mortgage,92275,1
175,User_175,54,134684,Primary,Low,356,Education,34114,0
176,User_176,26,137161,Primary,High,359,Mortgage,34602,0
177,User_177,32,118775,Master,Low,536,Personal,85455,1
178,User_178,33,146798,Bachelor,Low,796,Mortgage,43524,0
179,User_179,61,80432,Master,Medium,663,Auto,71993,0
180,User_180,31,143930,Secondary,High,465,Mortgage,83600,1
181,User_181,29,51569,Bachelor,Low,771,Personal,59865,1
182,User_182,49,51559,Primary,Medium,365,Education,82025,1
183,User_183,42,128482,Bachelor,Low,695,Education,72798,0
184,User_184,18,62854,Secondary,Low,442,Education,54832,1
185,User_185,52,28904,Master,Low,758,Auto,5282,0
186,User_186,69,21504,Primary,Low,382,Personal,38551,1
187,User_187,38,92984,PhD,High,732,Personal,67032,1
188,User_188,37,139036,Master,High,454,Personal,49627,1
189,User_189,22,75836,Secondary,Low,805,Mortgage,45982,0
190,User_190,24,53937,Bachelor,Low,315,Mortgage,1233,1
191,User_191,39,123820,Bachelor,High,540,Mortgage,9949,1
192,User_192,19,119393,PhD,Low,365,Education,89800,1
193,User_193,64,91640,Bachelor,Low,658,Auto,79435,1
194,User_194,30,103366,PhD,High,527,Personal,95413,1
195,User_195,29,72633,Bachelor,High,600,Mortgage,86199,1
196,User_196,44,95951,PhD,Low,736,Education,46165,1
197,User_197,52,78644,Secondary,High,321,Education,84419,1
198,User_198,62,145678,PhD,High,386,Education,46817,1
199,User_199,21,83866,Master,Low,366,Auto,2823,1
200,User_200,46,15212,Primary,Medium,771,Mortgage,32443,1
201,User_201,57,122493,Primary,Low,638,Auto,92182,0
202,User_202,51,70609,Master,High,388,Mortgage,15346,1
203,User_203,42,97287,Secondary,Medium,600,Mortgage,99946,1
204,User_204,19,113995,Primary,Medium,812,Education,31235,0
205,User_205,35,16055,Primary,High,548,Mortgage,57680,1
206,User_206,48,77887,PhD,High,359,Education,36154,1
207,User_207,69,45036,PhD,Medium,366,Personal,54171,1
208,User_208,66,83210,PhD,High,589,Personal,94133,1
209,User_209,46,41230,Master,Medium,352,Auto,62502,0
210,User_210,40,107057,Secondary,Medium,329,Personal,13549,1
211,User_211,47,39296,Bachelor,Low,392,Education,62918,0
212,User_212,35,107644,Master,High,526,Personal,87967,0
213,User_213,62,82171,Master,High,625,Education,60430,0
214,User_214,52,88624,Secondary,High,419,Personal,36733,1
215,User_215,45,111219,Primary,High,361,Mortgage,88189,0
216,User_216,45,101479,PhD,Low,361,Auto,95174,1
217,User_217,61,70001,Master,Medium,820,Education,21777,0
218,User_218,56,23160,PhD,Low,506,Personal,43298,0
219,User_219,21,31118,Bachelor,Low,723,Auto,6500,1
220,User_220,62,33552,Secondary,High,728,Auto,86184,0
221,User_221,42,101908,Secondary,Medium,648,Mortgage,19593,1
222,User_222,26,39625,Master,High,309,Personal,22933,1
223,User_223,68,33192,Bachelor,Low,656,Auto,39051,0
224,User_224,43,45470,Bachelor,Low,657,Mortgage,36898,1
225,User_225,37,39533,PhD,Medium,774,Mortgage,42893,0
226,User_226,42,105108,Master,High,547,Personal,46316,0
227,User_227,29,21455,PhD,High,623,Auto,96803,0
228,User_228,35,104082,PhD,High,821,Personal,22668,0
229,User_229,53,75443,Primary,Medium,654,Auto,3280,0
230,User_230,24,73055,PhD,High,845,Education,11398,1
231,User_231,70,90370,Bachelor,Medium,626,Education,28254,1
232,User_232,61,21044,Primary,Medium,624,Mortgage,47695,1
233,User_233,48,69714,Secondary,Low,850,Auto,84090,1
234,User_234,51,103215,PhD,High,599,Personal,34448,1
235,User_235,28,125670,PhD,Low,523,Education,81746,0
236,User_236,52,45358,Master,Medium,563,Auto,60522,0
237,User_237,21,92751,PhD,Low,705,Auto,30639,1
238,User_238,43,65365,Master,Medium,824,Personal,11347,0
239,User_239,30,91191,Primary,Medium,615,Mortgage,5056,1
240,User_240,62,73206,Master,Medium,348,Personal,35651,0
241,User_241,41,21066,Primary,High,407,Education,95868,0
242,User_242,48,85029,Secondary,Medium,790,Personal,48215,0
243,User_243,52,134304,Master,High,749,Mortgage,26884,1
244,User_244,45,119852,Master,Low,771,Personal,27165,1
245,User_245,38,18857,PhD,Medium,350,Education,473,0
246,User_246,60,140543,Primary,Medium,301,Mortgage,98349,1
247,User_247,53,76802,Bachelor,Medium,372,Personal,260,0
248,User_248,35,46269,PhD,Medium,340,Education,40770,0
249,User_249,51,101376,PhD,High,412,Education,85015,1
250,User_250,24,100500,PhD,Medium,835,Personal,73154,1
251,User_251,64,18049,Secondary,Medium,438,Mortgage,72416,0
252,User_252,30,102036,Bachelor,Low,849,Personal,5803,0
253,User_253,56,63317,Bachelor,High,621,Education,23958,0
254,User_254,64,33055,Master,Medium,307,Mortgage,27899,0
255,User_255,23,37176,Master,Medium,394,Auto,41686,1
256,User_256,54,51678,Secondary,Medium,308,Personal,31155,0
257,User_257,69,121111,Secondary,Medium,537,Auto,27259,1
258,User_258,51,96857,Primary,Medium,720,Personal,24083,0
259,User_259,39,85895,Primary,Low,849,Mortgage,23533,1
260,User_260,67,30451,Primary,Low,355,Auto,84438,1
261,User_261,60,21612,Secondary,High,420,Auto,10011,1
262,User_262,45,98258,PhD,Low,814,Education,69943,0
263,User_263,18,132570,Master,Medium,522,Mortgage,44062,0
264,User_264,47,89098,Master,High,708,Mortgage,87006,0
265,User_265,36,113434,Secondary,Medium,678,Personal,39967,1
266,User_266,54,56756,Secondary,Low,643,Mortgage,3409,1
267,User_267,56,121199,Bachelor,High,486,Auto,8137,0
268,User_268,43,24984,PhD,Low,312,Personal,44008,0
269,User_269,68,35209,Primary,Low,341,Mortgage,1670,1
270,User_270,26,146014,Bachelor,High,774,Education,42163,1
271,User_271,47,122453,Secondary,Medium,386,Personal,42685,0
272,User_272,51,29597,Primary,High,775,Personal,63169,0
273,User_273,33,73836,Secondary,High,529,Education,12920,0
274,User_274,26,52626,Primary,Low,530,Mortgage,57216,1
275,User_275,67,143808,Secondary,Medium,717,Mortgage,10694,1
276,User_276,39,139786,Master,Medium,834,Education,32042,0
277,User_277,45,29556,Master,Medium,562,Education,47867,0
278,User_278,39,73948,Master,Low,597,Personal,65812,1
279,User_279,59,94754,Bachelor,High,786,Education,38930,0
280,User_280,49,46169,Primary,Medium,756,Education,40650,0
281,User_281,24,102663,PhD,Low,385,Education,84520,0
282,User_282,58,54186,Bachelor,Medium,642,Auto,6008,0
283,User_283,35,55823,Master,Medium,342,Mortgage,17773,1
284,User_284,67,60698,Bachelor,Low,512,Personal,74980,1
285,User_285,62,21583,PhD,Medium,838,Mortgage,51712,0
286,User_286,59,65685,PhD,High,843,Auto,30292,0
287,User_287,54,96557,Secondary,Medium,751,Auto,58424,1
288,User_288,37,115419,Secondary,Medium,775,Mortgage,63471,1
289,User_289,21,73918,Secondary,Medium,715,Personal,54085,0
290,User_290,68,21350,Bachelor,Low,585,Personal,64676,0
291,User_291,22,143400,Bachelor,Medium,753,Personal,33723,1
292,User_292,47,142015,Master,High,736,Auto,66384,0
293,User_293,18,84628,Secondary,Low,717,Mortgage,69567,1
294,User_294,44,149490,PhD,Medium,781,Auto,42064,0
295,User_295,48,45606,Bachelor,Low,413,Personal,14240,0
296,User_296,27,61947,Secondary,High,407,Personal,27509,1
297,User_297,30,147904,Bachelor,Low,394,Mortgage,86534,1
298,User_298,30,56667,Secondary,Low,658,Personal,82473,0
299,User_299,31,60828,PhD,High,710,Auto,47710,0
300,User_300,65,131276,PhD,Low,660,Personal,63208,0
301,User_301,28,42591,Primary,High,321,Mortgage,92552,0
302,User_302,54,85792,Secondary,Low,435,Education,75012,1
303,User_303,18,104056,PhD,Low,525,Mortgage,60214,0
304,User_304,70,36798,Bachelor,Low,634,Personal,85778,1
305,User_305,55,98197,Bachelor,Low,733,Education,37033,1
306,User_306,34,105122,Master,High,567,Personal,14778,0
307,User_307,50,113528,Master,Low,473,Mortgage,28279,0
308,User_308,28,147966,Bachelor,Low,327,Auto,51391,0
309,User_309,59,37120,Primary,High,518,Auto,19622,1
310,User_310,45,68231,Master,High,444,Personal,90687,0
311,User_311,22,21286,Master,Low,301,Personal,41235,0
312,User_312,31,89837,Primary,Low,655,Education,35781,1
313,User_313,42,86837,Master,High,465,Auto,32299,1
314,User_314,22,136898,PhD,Medium,796,Personal,20273,1
315,User_315,27,117042,PhD,Medium,435,Auto,23834,0
316,User_316,59,145978,Bachelor,High,794,Personal,90740,0
317,User_317,39,67604,Bachelor,High,501,Auto,18361,1
318,User_318,62,113130,Master,Low,724,Education,89332,1
319,User_319,27,101244,PhD,Low,447,Education,81410,0
320,User_320,31,109086,PhD,High,753,Education,24353,0
321,User_321,43,18329,Secondary,High,404,Education,55736,0
322,User_322,46,86230,Bachelor,Medium,339,Education,76333,1
323,User_323,58,119364,Secondary,Medium,397,Education,93348,0
324,User_324,50,16802,Bachelor,High,470,Mortgage,88126,1
325,User_325,51,82368,Primary,Low,484,Mortgage,78647,0
326,User_326,65,89856,Bachelor,High,499,Auto,78311,0
327,User_327,37,25991,PhD,Low,571,Personal,23414,0
328,User_328,52,102285,Primary,High,396,Education,46760,0
329,User_329,51,67483,Master,Low,494,Auto,94812,1
330,User_330,69,107705,Bachelor,High,783,Auto,50581,0
331,User_331,58,71841,PhD,Low,727,Personal,59642,0
332,User_332,54,99357,Secondary,Medium,693,Mortgage,15502,0
333,User_333,21,18410,Primary,Medium,657,Mortgage,51217,1
334,User_334,66,42535,Secondary,High,383,Mortgage,52991,0
335,User_335,34,53828,PhD,Medium,417,Education,62255,1
336,User_336,22,138927,PhD,Medium,667,Mortgage,61237,1
337,User_337,63,126528,Primary,Low,523,Mortgage,6259,0
338,User_338,28,95049,Secondary,Medium,347,Auto,19757,0
339,User_339,29,34255,PhD,Medium,672,Education,10754,1
340,User_340,36,92601,Secondary,Medium,335,Personal,29154,1
341,User_341,63,111047,Secondary,Medium,336,Auto,61616,1
342,User_342,70,26825,Master,High,429,Mortgage,77063,0
343,User_343,53,149678,Bachelor,High,656,Mortgage,41962,1
344,User_344,54,91520,Master,Medium,511,Auto,82418,0
345,User_345,53,32595,PhD,Low,544,Personal,70151,1
346,User_346,70,87764,Bachelor,Low,433,Personal,28966,0
347,User_347,33,149119,Primary,High,845,Education,20940,1
348,User_348,52,66574,Primary,High,750,Personal,44702,0
349,User_349,64,137708,Primary,Low,511,Personal,23726,1
350,User_350,50,78354,Secondary,High,475,Auto,18409,0
351,User_351,32,47055,Master,High,769,Mortgage,10152,0
352,User_352,65,56335,Master,Medium,442,Education,7449,0
353,User_353,20,27344,PhD,Medium,581,Personal,22848,1
354,User_354,23,73233,Bachelor,Medium,483,Mortgage,55491,0
355,User_355,57,73230,PhD,Low,319,Auto,5455,1
356,User_356,37,69512,Master,Low,429,Education,79424,1
357,User_357,40,104192,Master,High,346,Auto,49129,1
358,User_358,28,91166,PhD,Medium,563,Auto,6595,0
359,User_359,27,137154,Secondary,Low,700,Mortgage,45587,0
360,User_360,38,133810,PhD,High,404,Auto,77030,1
361,User_361,64,79244,Secondary,Medium,740,Mortgage,95967,1
362,User_362,67,131232,PhD,Low,488,Personal,75852,1
363,User_363,37,134636,Primary,High,818,Mortgage,93798,0
364,User_364,38,36275,PhD,High,738,Mortgage,99084,1
365,User_365,24,58786,Secondary,Low,753,Personal,10906,0
366,User_366,24,142113,PhD,High,636,Education,74597,0
367,User_367,50,78297,Secondary,Medium,562,Education,8942,1
368,User_368,45,45809,Secondary,Medium,511,Mortgage,32840,0
369,User_369,40,129415,PhD,High,675,Mortgage,49664,1
370,User_370,43,24261,Primary,Low,685,Mortgage,89227,0
371,User_371,35,126621,PhD,Low,396,Personal,42169,0
372,User_372,43,96107,Master,Medium,498,Auto,25963,1
373,User_373,62,58396,Master,Medium,522,Mortgage,30486,0
374,User_374,56,61770,Master,Low,337,Auto,59676,0
375,User_375,19,33588,Primary,High,567,Personal,53920,0
376,User_376,40,78986,Primary,Medium,393,Education,96956,1
377,User_377,26,18325,Bachelor,High,625,Personal,8973,1
378,User_378,18,51316,Primary,Low,792,Mortgage,27765,0
379,User_379,44,49731,Master,High,628,Education,48363,0
380,User_380,27,91203,Secondary,High,387,Personal,39533,0
381,User_381,37,29191,Master,Low,688,Auto,92600,1
382,User_382,37,102209,Bachelor,Medium,743,Education,41287,1
383,User_383,28,19902,PhD,High,580,Personal,50456,1
384,User_384,24,129615,Master,High,726,Personal,55792,1
385,User_385,57,92654,PhD,High,754,Auto,24574,0
386,User_386,35,91150,Master,Medium,422,Personal,50242,1
387,User_387,68,45076,Primary,Low,825,Education,60477,0
388,User_388,55,108855,Master,High,782,Personal,84219,0
389,User_389,41,64312,Primary,Medium,752,Personal,94910,0
390,User_390,52,90600,PhD,Low,302,Education,60416,0
391,User_391,69,41353,PhD,Low,552,Mortgage,48583,0
392,User_392,39,99351,Master,Low,788,Mortgage,50475,0
393,User_393,66,89595,Bachelor,Medium,613,Mortgage,9026,0
394,User_394,64,25573,Master,High,542,Personal,70977,1
395,User_395,46,63745,Master,Low,745,Personal,32576,1
396,User_396,52,147233,Master,Medium,447,Auto,98417,1
397,User_397,61,55364,Master,Low,363,Personal,90404,1
398,User_398,63,27850,Master,Medium,451,Personal,89975,1
399,User_399,40,128871,PhD,High,718,Personal,34114,0
400,User_400,57,113947,Primary,Medium,746,Auto,55391,1
401,User_401,68,76485,Primary,High,437,Auto,7316,1
402,User_402,30,76268,Master,Medium,450,Auto,73969,0
403,User_403,21,146520,Master,High,329,Personal,48093,0
404,User_404,50,141864,Primary,High,694,Auto,79578,0
405,User_405,57,88656,PhD,Medium,390,Education,12341,1
406,User_406,70,51752,Bachelor,Low,625,Education,26995,1
407,User_407,69,51045,Primary,Low,352,Personal,23891,0
408,User_408,41,129435,Primary,High,390,Education,54123,0
409,User_409,64,48978,Secondary,Low,724,Auto,38827,0
410,User_410,66,147221,PhD,Low,476,Mortgage,8013,1
411,User_411,63,29216,Master,Medium,384,Auto,40200,1
412,User_412,33,141315,PhD,High,725,Mortgage,40513,1
413,User_413,58,113579,Primary,High,488,Auto,11648,1
414,User_414,38,149854,Master,Medium,524,Mortgage,32411,1
415,User_415,57,51169,Secondary,High,764,Personal,54351,1
416,User_416,61,88010,Secondary,Medium,423,Auto,12161,0
417,User_417,35,96559,Master,Medium,827,Mortgage,3549,1
418,User_418,62,136186,PhD,High,410,Auto,27564,1
419,User_419,64,110215,PhD,High,575,Personal,3144,0
420,User_420,65,28072,Bachelor,High,542,Mortgage,27632,0
421,User_421,19,74845,Bachelor,Low,732,Auto,60748,0
422,User_422,44,94014,Secondary,High,385,Education,29155,1
423,User_423,43,124442,Bachelor,Low,826,Auto,25997,0
424,User_424,43,145277,PhD,High,325,Education,8009,0
425,User_425,20,106161,Primary,High,564,Personal,25747,1
426,User_426,30,36539,PhD,Medium,628,Personal,99626,1
427,User_427,29,24948,Primary,High,562,Personal,74125,0
428,User_428,48,52813,Master,High,760,Education,65558,0
429,User_429,51,139624,Master,High,600,Auto,1923,0
430,User_430,24,141782,PhD,Medium,491,Auto,61332,0
431,User_431,35,131410,Master,Medium,673,Education,45554,0
432,User_432,52,28621,PhD,Low,652,Education,76796,1
433,User_433,41,145547,PhD,Medium,458,Mortgage,51324,0
434,User_434,35,102253,Master,Medium,405,Personal,94800,1
435,User_435,32,138803,Master,Low,804,Personal,64442,0
436,User_436,53,17663,Bachelor,High,848,Education,26009,1
437,User_437,54,121719,Bachelor,High,808,Mortgage,3782,0
438,User_438,47,30931,Primary,Low,437,Education,83349,1
439,User_439,21,68521,Bachelor,Medium,441,Auto,11691,0
440,User_440,20,139860,PhD,High,620,Mortgage,33541,0
441,User_441,40,15156,Master,Medium,850,Personal,46961,0
442,User_442,49,43710,Primary,High,686,Education,39718,1
443,User_443,37,51890,Secondary,Low,791,Auto,73141,1
444,User_444,18,33833,Secondary,Low,514,Education,53592,0
445,User_445,45,28500,Bachelor,Low,842,Mortgage,952,0
446,User_446,63,121441,Master,Medium,301,Auto,41340,1
447,User_447,26,96603,Primary,Low,508,Mortgage,75557,1
448,User_448,41,80413,Bachelor,High,467,Auto,22969,0
449,User_449,33,82596,PhD,Low,842,Personal,90656,1
450,User_450,47,41672,Secondary,Medium,313,Education,5448,0
451,User_451,34,44900,Primary,Low,315,Mortgage,54949,0
452,User_452,66,26020,Bachelor,High,839,Auto,7760,1
453,User_453,19,23794,PhD,Medium,642,Personal,52479,0
454,User_454,48,86397,Secondary,High,802,Mortgage,23035,0
455,User_455,20,143241,Secondary,High,705,Mortgage,24795,0
456,User_456,19,148166,PhD,Low,625,Mortgage,41701,0
457,User_457,38,135083,Master,Low,428,Auto,63,1
458,User_458,64,42460,Secondary,High,453,Auto,92954,1
459,User_459,48,20126,PhD,Low,804,Education,4616,1
460,User_460,47,80009,Primary,High,466,Education,4217,1
461,User_461,50,73562,PhD,Medium,566,Personal,1318,0
462,User_462,50,94434,Master,Low,807,Mortgage,31531,0
463,User_463,58,92517,Master,Medium,625,Personal,60870,0
464,User_464,66,39648,Secondary,Medium,433,Education,37337,0
465,User_465,65,133335,Primary,Low,566,Personal,84215,1
466,User_466,21,39147,Secondary,Medium,676,Auto,52337,1
467,User_467,45,111640,PhD,Low,767,Education,75692,1
468,User_468,70,77537,PhD,High,797,Mortgage,94401,1
469,User_469,69,79890,PhD,Low,662,Auto,33310,0
470,User_470,62,75117,Primary,Low,302,Mortgage,79283,1
471,User_471,69,70260,Primary,Low,422,Personal,76058,1
472,User_472,39,85542,Bachelor,Low,514,Personal,26001,1
473,User_473,39,113684,Primary,Low,432,Education,16935,1
474,User_474,31,18915,Secondary,Medium,823,Auto,7547,0
475,User_475,69,141183,Master,Medium,586,Education,7808,0
476,User_476,58,66365,Bachelor,Low,507,Mortgage,64443,0
477,User_477,39,143175,Master,Medium,579,Education,85523,1
478,User_478,56,16928,PhD,High,357,Education,3742,1
479,User_479,43,118930,Primary,Medium,315,Mortgage,4789,0
480,User_480,69,96458,Master,Medium,472,Education,74215,0
481,User_481,67,64441,PhD,High,483,Auto,66723,0
482,User_482,30,113682,Master,High,418,Mortgage,66075,0
483,User_483,22,143020,Primary,Low,510,Mortgage,38955,1
484,User_484,21,63288,Master,High,428,Personal,17191,0
485,User_485,62,138237,Bachelor,Medium,356,Personal,39932,0
486,User_486,42,38721,Primary,Medium,839,Personal,56746,0
487,User_487,38,74823,PhD,Low,764,Personal,40074,1
488,User_488,63,25075,Primary,Medium,847,Personal,6127,1
489,User_489,23,140127,PhD,High,720,Education,67852,1
490,User_490,61,87020,PhD,Low,366,Education,89391,0
491,User_491,36,138950,Bachelor,Medium,489,Mortgage,14993,0
492,User_492,67,133427,Bachelor,Medium,533,Personal,49413,0
493,User_493,24,50313,Bachelor,Medium,334,Personal,64889,1
494,User_494,52,121702,Bachelor,Low,326,Education,43108,0
495,User_495,61,45340,Bachelor,Low,498,Auto,74262,0
496,User_496,54,17399,Master,High,601,Personal,60007,1
497,User_497,57,41931,Bachelor,High,667,Auto,54106,1
498,User_498,64,56887,Secondary,Low,678,Personal,51156,1
499,User_499,19,109417,Primary,High,419,Mortgage,12034,0
500,User_500,36,141796,PhD,High,841,Auto,52505,0
501,User_501,42,122803,Bachelor,High,429,Education,86700,0
502,User_502,18,94770,Secondary,Medium,764,Education,56148,0
503,User_503,64,53091,PhD,High,343,Auto,59578,1
504,User_504,41,21846,Secondary,Low,587,Auto,12016,0
505,User_505,66,73503,Secondary,High,517,Mortgage,43619,1
506,User_506,21,118630,PhD,High,782,Auto,11373,0
507,User_507,36,109557,Bachelor,Medium,419,Mortgage,69365,1
508,User_508,34,60341,Secondary,Low,439,Education,2120,1
509,User_509,48,138095,Master,Low,506,Mortgage,32435,1
510,User_510,34,107735,Secondary,Medium,355,Mortgage,68100,1
511,User_511,38,68027,Master,High,363,Auto,2838,0
512,User_512,45,33451,Bachelor,High,770,Personal,71339,1
513,User_513,28,38225,Primary,Low,626,Auto,5421,1
514,User_514,37,51048,Secondary,High,607,Education,13400,1
515,User_515,67,145790,Bachelor,High,564,Mortgage,32390,1
516,User_516,41,73431,Master,High,342,Personal,39841,1
517,User_517,52,52256,PhD,High,420,Education,24970,0
518,User_518,21,97047,Primary,High,472,Education,33212,0
519,User_519,21,30163,Bachelor,Low,305,Personal,6595,0
520,User_520,46,51523,Master,Medium,555,Personal,80576,0
521,User_521,33,137311,Bachelor,High,748,Education,29325,1
522,User_522,59,23761,PhD,Medium,666,Education,34248,1
523,User_523,65,133887,Master,Low,367,Education,67565,1
524,User_524,45,146173,Primary,High,804,Auto,71531,0
525,User_525,43,81442,Primary,Low,621,Mortgage,67061,1
526,User_526,60,94575,Bachelor,Medium,483,Auto,28355,1
527,User_527,64,99389,Primary,Low,715,Auto,45234,1
528,User_528,54,29802,Master,Medium,444,Personal,19389,0
529,User_529,69,100290,Bachelor,Low,410,Education,80432,1
530,User_530,49,45374,Bachelor,Medium,830,Personal,73293,1
531,User_531,37,31073,Bachelor,Medium,844,Auto,49679,1
532,User_532,57,101232,Master,Low,809,Mortgage,63698,1
533,User_533,25,131929,Secondary,Medium,836,Auto,33664,0
534,User_534,70,55588,PhD,High,563,Education,24123,1
535,User_535,21,140816,Secondary,Low,814,Auto,74228,0
536,User_536,39,68249,Secondary,High,676,Education,63897,1
537,User_537,62,98849,PhD,Low,773,Education,87815,1
538,User_538,22,58992,Bachelor,Low,385,Auto,35164,1
539,User_539,31,105612,Bachelor,Low,638,Mortgage,54516,1
540,User_540,68,113665,Secondary,High,576,Mortgage,47105,0
541,User_541,26,83871,Bachelor,Low,768,Personal,95230,1
542,User_542,34,24468,PhD,High,487,Auto,30160,1
543,User_543,62,95524,Secondary,Low,572,Personal,55828,1
544,User_544,52,16908,Bachelor,High,432,Personal,81170,0
545,User_545,44,112922,Primary,High,824,Auto,20708,1
546,User_546,33,122988,Primary,Low,653,Auto,6699,1
547,User_547,21,106715,Primary,Medium,672,Mortgage,99305,1
548,User_548,30,22553,Secondary,Low,790,Education,1156,1
549,User_549,35,142963,Bachelor,High,361,Auto,60392,0
550,User_550,66,58034,Primary,Low,821,Mortgage,25020,1
551,User_551,37,85173,Bachelor,High,514,Mortgage,20322,0
552,User_552,27,40815,Secondary,High,416,Education,35590,1
553,User_553,54,93802,Secondary,Medium,568,Personal,7432,0
554,User_554,42,131225,Primary,Medium,673,Auto,45379,0
555,User_555,64,78858,Bachelor,Medium,371,Auto,37412,1
556,User_556,39,119610,Master,Low,729,Auto,15471,0
557,User_557,64,64019,PhD,Low,779,Education,29860,0
558,User_558,33,47847,Bachelor,High,450,Education,9323,0
559,User_559,41,146950,Primary,Low,636,Education,34414,1
560,User_560,44,72372,Bachelor,Medium,679,Mortgage,71648,0
561,User_561,37,86481,Secondary,Medium,614,Personal,37678,0
562,User_562,47,57159,Master,Medium,539,Personal,60478,0
563,User_563,27,146524,Bachelor,Low,835,Mortgage,26843,1
564,User_564,50,103211,Master,Medium,696,Education,8268,0
565,User_565,23,121370,Primary,Medium,414,Auto,24510,0
566,User_566,66,83885,Bachelor,Medium,803,Education,57578,1
567,User_567,21,77449,Secondary,High,573,Education,3258,1
568,User_568,28,143246,Secondary,Medium,544,Auto,79477,0
569,User_569,63,23973,Bachelor,Low,754,Mortgage,29550,1
570,User_570,40,52843,Secondary,High,303,Auto,73834,1
571,User_571,70,44526,Secondary,High,708,Mortgage,64467,0
572,User_572,57,98589,Primary,Medium,363,Education,23924,1
573,User_573,31,147617,Master,Medium,703,Mortgage,93946,0
574,User_574,45,29137,Master,Low,387,Personal,46335,1
575,User_575,31,97705,Primary,Medium,642,Personal,87985,0
576,User_576,43,98011,Primary,High,823,Personal,20102,0
577,User_577,48,80664,Master,Low,476,Mortgage,10472,0
578,User_578,58,83346,Primary,High,379,Mortgage,29292,1
579,User_579,32,106636,Primary,Low,782,Mortgage,85529,1
580,User_580,26,73666,Secondary,Medium,509,Education,45790,0
581,User_581,54,127163,Bachelor,Low,516,Auto,44052,1
582,User_582,54,66048,PhD,Medium,496,Personal,86453,1
583,User_583,24,68659,Master,Low,435,Personal,10237,1
584,User_584,66,55549,PhD,Low,518,Mortgage,44110,0
585,User_585,43,100789,Secondary,Low,761,Education,89649,0
586,User_586,20,110678,Master,Medium,445,Auto,21103,0
587,User_587,32,25289,PhD,High,842,Education,15924,1
588,User_588,45,28603,Secondary,Low,409,Personal,1876,1
589,User_589,69,67726,PhD,High,650,Personal,3241,1
590,User_590,42,43789,Bachelor,Low,464,Mortgage,60742,1
591,User_591,70,93111,PhD,Medium,604,Auto,6092,0
592,User_592,35,113991,Primary,Low,818,Mortgage,57431,0
593,User_593,44,43652,Primary,Medium,479,Personal,95737,0
594,User_594,40,17194,Primary,Low,729,Auto,78336,1
595,User_595,62,133027,Secondary,Low,763,Auto,88939,1
596,User_596,27,112607,PhD,Low,319,Personal,7236,1
597,User_597,27,128117,Bachelor,High,398,Personal,49304,0
598,User_598,42,18305,Secondary,Low,418,Auto,91919,1
599,User_599,60,100902,Secondary,Low,844,Auto,19703,1
600,User_600,64,140002,Primary,High,391,Auto,39551,0
601,User_601,21,142404,PhD,Low,819,Personal,86794,1
602,User_602,32,85684,Bachelor,Low,401,Personal,607,1
603,User_603,30,37520,Secondary,High,741,Auto,25258,0
604,User_604,53,43649,PhD,Medium,731,Mortgage,13977,0
605,User_605,20,41723,PhD,Low,411,Mortgage,11211,1
606,User_606,56,59195,Primary,High,374,Education,81517,0
607,User_607,57,105681,Master,Medium,416,Education,87385,0
608,User_608,26,143231,Master,Medium,658,Education,83627,1
609,User_609,42,148922,Master,Medium,783,Auto,81846,0
610,User_610,56,72207,Primary,Low,667,Personal,49108,1
611,User_611,23,87597,PhD,High,581,Mortgage,90646,1
612,User_612,25,29238,Bachelor,High,517,Education,31201,0
613,User_613,64,89670,Bachelor,Low,489,Education,13873,1
614,User_614,66,68026,Secondary,Medium,614,Mortgage,65063,1
615,User_615,26,115411,Master,Low,373,Personal,74172,0
616,User_616,53,113680,Secondary,Medium,694,Auto,74268,0
617,User_617,19,50083,Primary,Low,399,Education,48140,1
618,User_618,67,103836,Primary,Low,437,Personal,21262,0
619,User_619,67,127992,PhD,Medium,389,Auto,14508,0
620,User_620,67,111408,Secondary,High,366,Mortgage,69119,0
621,User_621,50,94968,Bachelor,Medium,418,Education,36050,0
622,User_622,55,89078,Master,Medium,774,Auto,83344,1
623,User_623,25,102009,Secondary,Low,572,Mortgage,82015,0
624,User_624,39,109001,Primary,Medium,758,Education,43576,1
625,User_625,50,121360,Secondary,Low,361,Auto,61444,0
626,User_626,27,43253,Master,Medium,812,Auto,17636,1
627,User_627,53,141697,Master,High,751,Personal,83513,1
628,User_628,24,134078,Bachelor,Low,458,Auto,40073,1
629,User_629,53,149694,Secondary,Low,745,Education,962,1
630,User_630,62,85700,PhD,Low,687,Auto,21020,1
631,User_631,41,71568,PhD,High,829,Auto,12477,1
632,User_632,31,58451,Bachelor,High,607,Education,22478,0
633,User_633,47,117999,PhD,Medium,804,Mortgage,65712,0
634,User_634,57,72833,Secondary,Medium,470,Auto,71604,1
635,User_635,67,143400,Bachelor,Medium,435,Education,29600,1
636,User_636,54,126821,Bachelor,High,706,Personal,47611,1
637,User_637,67,47578,Primary,Low,673,Education,40424,1
638,User_638,34,58845,Bachelor,Low,663,Personal,66115,1
639,User_639,26,34650,PhD,High,468,Education,34624,1
640,User_640,50,149842,Master,High,676,Education,38862,0
641,User_641,21,50965,Bachelor,High,340,Mortgage,90355,1
642,User_642,41,143213,Primary,Low,542,Mortgage,55895,0
643,User_643,24,143981,PhD,Low,658,Personal,89943,0
644,User_644,64,37707,PhD,Low,689,Mortgage,4649,0
645,User_645,62,88909,Bachelor,High,680,Personal,17975,1
646,User_646,30,110754,Bachelor,Medium,536,Mortgage,91320,0
647,User_647,45,83065,Bachelor,High,756,Education,69707,0
648,User_648,69,119190,Secondary,Low,751,Mortgage,34985,0
649,User_649,62,30579,Master,Medium,584,Auto,5031,1
650,User_650,23,55829,Primary,High,394,Auto,23090,0
651,User_651,51,101250,Secondary,High,717,Auto,42144,0
652,User_652,42,88885,Master,Low,440,Mortgage,20001,1
653,User_653,42,138587,Secondary,Medium,730,Personal,55508,1
654,User_654,41,120257,Primary,Medium,368,Auto,3140,0
655,User_655,36,21441,Master,High,751,Education,68306,0
656,User_656,39,139708,Secondary,Low,449,Education,28495,0
657,User_657,61,48817,Primary,High,392,Education,43361,0
658,User_658,55,98060,Primary,Medium,509,Mortgage,21250,1
659,User_659,56,94441,Primary,High,557,Education,87760,0
660,User_660,42,112503,Master,High,328,Personal,20789,0
661,User_661,45,29348,Master,High,416,Education,18348,1
662,User_662,67,112571,Primary,Low,506,Mortgage,92305,1
663,User_663,64,57302,Master,High,390,Mortgage,27321,0
664,User_664,20,87512,PhD,High,755,Mortgage,4555,1
665,User_665,26,91843,Secondary,High,593,Auto,18636,1
666,User_666,64,57597,Primary,High,789,Education,1550,1
667,User_667,41,94769,PhD,High,784,Education,86217,0
668,User_668,19,139186,Secondary,High,607,Auto,56122,0
669,User_669,33,27184,Master,Low,491,Auto,26380,0
670,User_670,33,67732,Primary,High,815,Education,70685,0
671,User_671,28,117138,Secondary,Medium,631,Education,30380,1
672,User_672,36,52935,Secondary,Low,735,Personal,55922,0
673,User_673,41,131467,Master,Low,506,Mortgage,39626,0
674,User_674,21,41941,Bachelor,Low,449,Personal,14163,1
675,User_675,36,52109,Primary,Low,315,Education,56797,1
676,User_676,65,149552,Bachelor,Medium,844,Auto,98911,1
677,User_677,62,45416,Primary,Low,659,Education,71674,0
678,User_678,43,88651,Secondary,High,785,Personal,11123,0
679,User_679,68,37693,Secondary,High,357,Auto,26625,1
680,User_680,42,120524,Secondary,Medium,694,Auto,98691,1
681,User_681,45,86285,Secondary,Medium,430,Personal,52710,1
682,User_682,29,63645,Primary,High,776,Auto,38229,0
683,User_683,61,88395,PhD,High,350,Mortgage,55209,1
684,User_684,31,66667,PhD,High,760,Personal,47996,0
685,User_685,26,60783,Secondary,Medium,408,Mortgage,52873,1
686,User_686,68,149187,Master,Low,410,Mortgage,10773,1
687,User_687,65,136689,Primary,High,743,Personal,37124,0
688,User_688,35,70346,Secondary,High,705,Auto,30057,1
689,User_689,46,107874,PhD,High,590,Personal,6471,1
690,User_690,43,90428,PhD,Medium,415,Auto,20650,1
691,User_691,19,113661,Primary,High,384,Mortgage,18392,0
692,User_692,63,33496,Master,Low,346,Education,12161,0
693,User_693,57,86123,PhD,Medium,701,Mortgage,839,0
694,User_694,68,115213,Secondary,High,431,Education,93429,0
695,User_695,37,131945,Secondary,Low,328,Mortgage,4191,1
696,User_696,27,48372,PhD,High,531,Education,95148,0
697,User_697,22,31999,Master,Low,390,Personal,40398,0
698,User_698,57,20367,Secondary,Medium,791,Auto,36789,1
699,User_699,61,31206,PhD,High,683,Personal,69879,1
700,User_700,29,63978,PhD,High,385,Mortgage,90903,1
701,User_701,53,53474,Master,Medium,533,Mortgage,39639,1
702,User_702,58,53148,Bachelor,High,572,Auto,52075,1
703,User_703,43,62483,Master,Low,562,Auto,43729,0
704,User_704,59,128984,Secondary,Low,450,Auto,57048,0
705,User_705,45,58776,Bachelor,High,846,Personal,76851,0
706,User_706,33,28649,Primary,Low,378,Auto,61464,1
707,User_707,54,89037,Primary,Low,324,Education,21812,1
708,User_708,23,133537,Bachelor,Low,631,Education,50936,1
709,User_709,42,89921,Bachelor,Medium,429,Mortgage,72556,1
710,User_710,63,94392,Master,High,727,Mortgage,5336,1
711,User_711,48,134475,Master,Low,740,Auto,48596,0
712,User_712,67,110219,Bachelor,High,600,Personal,51162,1
713,User_713,60,77585,Primary,Low,670,Mortgage,78117,1
714,User_714,68,132611,Secondary,Low,660,Education,80491,0
715,User_715,29,62474,Secondary,Medium,653,Personal,52452,1
716,User_716,21,131679,Secondary,High,361,Personal,59287,1
717,User_717,48,104352,Master,High,576,Mortgage,39008,1
718,User_718,21,64303,Secondary,High,762,Auto,44532,0
719,User_719,51,64408,Bachelor,High,492,Personal,6387,1
720,User_720,18,147653,Master,High,791,Auto,24035,0
721,User_721,36,72815,Secondary,Low,698,Auto,35605,0
722,User_722,69,36556,Bachelor,Medium,684,Education,85751,1
723,User_723,46,144361,Master,High,664,Mortgage,90006,0
724,User_724,30,103793,Secondary,Low,659,Mortgage,39610,0
725,User_725,54,39561,Bachelor,Low,316,Education,48878,1
726,User_726,64,98617,Primary,Medium,676,Education,93902,1
727,User_727,27,120767,Primary,High,736,Auto,68065,1
728,User_728,51,111404,PhD,High,329,Education,2627,1
729,User_729,59,86796,Master,Medium,735,Personal,42908,1
730,User_730,27,42735,Secondary,Medium,371,Personal,38763,1
731,User_731,68,73510,PhD,Low,655,Mortgage,77232,1
732,User_732,47,50072,Bachelor,Low,668,Personal,61146,0
733,User_733,55,62234,Bachelor,High,677,Mortgage,69178,1
734,User_734,56,44431,Primary,High,795,Education,34506,0
735,User_735,20,23896,Bachelor,Medium,648,Personal,56396,1
736,User_736,59,74157,Secondary,High,585,Personal,29771,1
737,User_737,54,98564,Primary,Low,713,Mortgage,5667,0
738,User_738,46,19788,Bachelor,Medium,402,Education,89126,0
739,User_739,68,93776,Bachelor,Low,404,Mortgage,22324,1
740,User_740,20,97704,PhD,Medium,571,Education,21974,0
741,User_741,70,17524,Bachelor,High,734,Mortgage,59608,1
742,User_742,57,36076,Master,Low,553,Personal,28331,1
743,User_743,65,144692,PhD,Medium,819,Personal,40785,1
744,User_744,19,65260,Primary,High,670,Personal,62019,1
745,User_745,70,68827,Bachelor,High,785,Auto,44585,1
746,User_746,31,20897,Master,High,391,Auto,34873,1
747,User_747,63,128765,PhD,Medium,764,Auto,54310,0
748,User_748,24,106610,Master,Medium,492,Auto,48688,0
749,User_749,60,50379,Primary,High,526,Personal,51738,1
750,User_750,26,53902,Secondary,Low,563,Auto,895,1
751,User_751,69,31160,Secondary,High,368,Auto,45494,1
752,User_752,35,28898,Secondary,Medium,466,Education,93340,1
753,User_753,25,36829,PhD,Medium,486,Mortgage,25206,0
754,User_754,23,23545,Bachelor,Medium,775,Mortgage,97843,1
755,User_755,61,74788,Bachelor,Medium,710,Education,99630,1
756,User_756,34,80567,Bachelor,High,603,Auto,20662,0
757,User_757,31,81124,Bachelor,Medium,649,Mortgage,33542,1
758,User_758,51,141262,Master,Medium,441,Education,92902,0
759,User_759,38,121418,Secondary,High,607,Auto,85819,0
760,User_760,52,52328,Primary,High,633,Education,53768,1
761,User_761,47,118394,Primary,Medium,493,Mortgage,56117,1
762,User_762,29,37780,Secondary,High,804,Auto,94385,0
763,User_763,43,21761,Secondary,Low,481,Auto,65218,1
764,User_764,47,71670,PhD,High,420,Auto,59188,0
765,User_765,65,132209,Bachelor,Medium,723,Education,87593,0
766,User_766,50,124935,PhD,Low,631,Personal,29583,0
767,User_767,45,39397,PhD,Medium,583,Auto,42748,1
768,User_768,59,96891,Master,Medium,530,Mortgage,94387,1
769,User_769,65,46653,Bachelor,High,666,Mortgage,24671,0
770,User_770,50,135105,Secondary,Low,572,Personal,29156,1
771,User_771,65,58945,Primary,Medium,468,Mortgage,58276,0
772,User_772,32,66413,Master,High,473,Education,73207,0
773,User_773,55,34198,PhD,Low,582,Personal,93916,1
774,User_774,68,27669,PhD,Medium,435,Education,16623,1
775,User_775,24,78593,PhD,High,376,Mortgage,79136,1
776,User_776,54,96594,Master,High,446,Mortgage,86058,0
777,User_777,45,73557,Bachelor,Medium,842,Personal,80433,1
778,User_778,65,128208,Primary,High,563,Mortgage,49356,0
779,User_779,32,48545,PhD,High,439,Auto,5057,1
780,User_780,26,43038,Secondary,High,587,Education,47127,1
781,User_781,54,130474,Master,High,535,Personal,20326,0
782,User_782,26,110623,Master,Medium,467,Personal,9992,0
783,User_783,46,111743,Bachelor,Medium,661,Education,11663,1
784,User_784,62,27192,PhD,Medium,607,Auto,59819,0
785,User_785,18,23873,PhD,Medium,817,Mortgage,25468,0
786,User_786,52,72678,PhD,Low,456,Mortgage,57401,0
787,User_787,58,112972,Primary,Low,637,Education,66990,1
788,User_788,19,69348,Primary,High,334,Personal,25835,1
789,User_789,37,56163,PhD,High,746,Education,91300,1
790,User_790,30,149750,Master,Medium,546,Personal,69976,0
791,User_791,32,73643,Secondary,Medium,517,Personal,7892,1
792,User_792,62,34266,Secondary,Medium,385,Mortgage,80576,1
793,User_793,39,69025,Bachelor,Medium,495,Education,98610,0
794,User_794,46,84357,Primary,Medium,611,Personal,846,1
795,User_795,19,99554,PhD,High,767,Auto,15989,1
796,User_796,63,98619,Secondary,Low,753,Auto,30344,0
797,User_797,27,133643,Bachelor,Low,513,Auto,97355,1
798,User_798,62,32090,Primary,Low,720,Personal,28008,1
799,User_799,40,74432,Bachelor,Medium,575,Auto,18780,0
800,User_800,44,36730,PhD,High,585,Auto,81749,1
801,User_801,53,102931,Master,Medium,349,Education,58565,0
802,User_802,27,32560,Primary,Medium,455,Auto,99722,0
803,User_803,27,75422,Primary,High,727,Mortgage,82291,0
804,User_804,50,63726,Bachelor,High,307,Mortgage,20106,1
805,User_805,70,107309,PhD,High,707,Personal,27324,1
806,User_806,38,74719,Secondary,Low,508,Auto,21907,1
807,User_807,41,22387,Bachelor,High,698,Personal,19537,0
808,User_808,38,47745,Secondary,High,483,Auto,2807,0
809,User_809,20,126032,Master,Low,633,Personal,88715,1
810,User_810,23,26082,PhD,Medium,474,Personal,11483,0
811,User_811,26,106448,Master,Medium,470,Education,47587,0
812,User_812,33,115014,Primary,Low,681,Mortgage,48478,1
813,User_813,49,115969,Secondary,Medium,788,Mortgage,36231,0
814,User_814,61,95527,Master,High,812,Auto,27292,0
815,User_815,32,32080,PhD,Medium,814,Education,36872,0
816,User_816,18,57855,PhD,High,318,Education,68157,0
817,User_817,21,90632,PhD,Low,518,Personal,92805,1
818,User_818,48,57144,Master,High,729,Personal,84640,0
819,User_819,60,91449,Master,Low,654,Education,67953,1
820,User_820,46,27904,Bachelor,Medium,346,Auto,93808,0
821,User_821,70,142468,PhD,Low,824,Education,81523,0
822,User_822,40,92375,Bachelor,Medium,464,Mortgage,35517,0
823,User_823,54,73071,PhD,High,683,Auto,22460,1
824,User_824,40,40625,Master,Medium,723,Auto,59941,0
825,User_825,45,16346,Master,Medium,401,Education,77831,0
826,User_826,48,38676,Master,High,820,Education,77529,1
827,User_827,67,27468,Master,Medium,570,Mortgage,55501,1
828,User_828,23,36518,Bachelor,High,839,Mortgage,416,0
829,User_829,46,107131,Secondary,High,755,Mortgage,59735,1
830,User_830,53,15588,Primary,High,308,Mortgage,36392,0
831,User_831,66,29268,PhD,Low,494,Personal,47053,1
832,User_832,40,48011,Bachelor,High,397,Education,27339,0
833,User_833,57,75971,Bachelor,High,437,Education,14733,0
834,User_834,44,134938,Secondary,High,361,Personal,93473,0
835,User_835,67,142674,Master,Medium,736,Auto,20198,0
836,User_836,26,131817,Secondary,High,628,Mortgage,15854,0
837,User_837,35,38418,Bachelor,Low,388,Mortgage,98128,1
838,User_838,39,119709,Master,Medium,819,Auto,42271,1
839,User_839,23,25849,Primary,Low,306,Personal,1255,1
840,User_840,45,41044,Primary,Low,517,Mortgage,4239,0
841,User_841,57,33226,PhD,Medium,649,Auto,46051,0
842,User_842,34,112157,Secondary,Medium,667,Mortgage,99290,0
843,User_843,60,73045,Secondary,Low,775,Auto,49042,1
844,User_844,32,95352,Master,High,735,Education,77726,1
845,User_845,45,135065,Secondary,High,564,Auto,90854,1
846,User_846,60,49497,Secondary,High,575,Auto,18050,1
847,User_847,59,74858,Primary,High,816,Education,28590,0
848,User_848,31,118785,Secondary,Medium,732,Personal,63951,0
849,User_849,31,77385,Secondary,Low,782,Auto,79943,0
850,User_850,44,84360,Master,High,660,Mortgage,64617,1
851,User_851,37,28854,Master,Medium,835,Education,9560,0
852,User_852,34,76417,Bachelor,Medium,523,Personal,67851,0
853,User_853,21,124121,PhD,Medium,378,Auto,7091,1
854,User_854,57,21581,Bachelor,High,455,Auto,55016,0
855,User_855,33,136363,Primary,High,728,Auto,82660,1
856,User_856,29,17508,Bachelor,Medium,414,Personal,40520,1
857,User_857,30,41888,PhD,Low,599,Mortgage,67197,1
858,User_858,24,33989,PhD,High,312,Education,45847,0
859,User_859,66,22786,Secondary,Low,722,Education,76787,1
860,User_860,51,129339,PhD,Medium,806,Personal,51645,1
861,User_861,62,79115,PhD,Low,488,Personal,69853,0
862,User_862,29,89691,Secondary,Low,717,Mortgage,96560,0
863,User_863,23,122947,Master,Medium,619,Mortgage,55554,1
864,User_864,41,73646,PhD,High,493,Mortgage,97309,1
865,User_865,30,80770,Primary,Low,776,Mortgage,74918,0
866,User_866,49,54385,Primary,High,714,Education,14941,0
867,User_867,51,110301,Bachelor,Medium,448,Education,77930,1
868,User_868,64,73133,PhD,High,497,Auto,5727,0
869,User_869,44,53442,Bachelor,High,367,Auto,55089,1
870,User_870,40,19059,Secondary,Low,607,Personal,42019,0
871,User_871,31,47906,PhD,Medium,682,Mortgage,13944,0
872,User_872,19,106204,Primary,Low,819,Personal,33399,1
873,User_873,26,147286,Master,High,449,Auto,24088,0
874,User_874,39,37656,PhD,Medium,428,Auto,66050,1
875,User_875,21,16799,Bachelor,Medium,748,Mortgage,69599,0
876,User_876,20,62689,Secondary,Low,403,Auto,77222,1
877,User_877,31,139954,PhD,Medium,608,Auto,17444,1
878,User_878,40,65300,Secondary,Low,559,Mortgage,28982,0
879,User_879,50,63010,Primary,High,377,Education,19946,0
880,User_880,57,76870,Bachelor,High,769,Personal,49827,0
881,User_881,24,138465,Primary,High,551,Education,2103,1
882,User_882,28,128231,Bachelor,High,645,Auto,49941,1
883,User_883,42,55152,PhD,Medium,798,Auto,65412,1
884,User_884,68,132839,Bachelor,High,835,Mortgage,71422,0
885,User_885,39,46465,PhD,Low,790,Personal,18804,1
886,User_886,51,120692,PhD,High,844,Education,4500,1
887,User_887,39,40279,PhD,High,529,Education,79096,1
888,User_888,55,59676,Master,Medium,411,Auto,65761,0
889,User_889,53,117142,Secondary,High,734,Personal,4553,0
890,User_890,25,145180,Master,High,582,Personal,49783,1
891,User_891,31,123771,Master,Low,749,Education,78301,1
892,User_892,49,77218,Secondary,High,713,Personal,93649,0
893,User_893,42,52592,PhD,Low,802,Personal,24356,1
894,User_894,20,27112,Primary,Low,830,Education,32002,0
895,User_895,55,102387,Bachelor,Low,506,Education,29530,0
896,User_896,49,56525,Master,Medium,460,Personal,86664,0
897,User_897,36,66298,Secondary,Medium,584,Personal,13157,0
898,User_898,47,28926,Primary,High,833,Auto,16078,0
899,User_899,63,30021,Bachelor,Low,771,Auto,85894,1
900,User_900,59,120822,Bachelor,Low,744,Auto,91924,1
901,User_901,26,97444,Secondary,Medium,390,Auto,20037,1
902,User_902,44,141308,Primary,Low,652,Mortgage,47524,0
903,User_903,21,27495,Bachelor,Low,720,Education,70153,1
904,User_904,56,65184,Master,Medium,614,Auto,15945,0
905,User_905,59,54250,Master,Low,531,Auto,3182,0
906,User_906,49,47575,Primary,Low,728,Mortgage,55688,1
907,User_907,64,73049,PhD,High,573,Mortgage,98485,1
908,User_908,60,59428,Master,Medium,409,Mortgage,60448,0
909,User_909,56,129594,Bachelor,Medium,672,Personal,17030,1
910,User_910,45,23268,Master,Low,559,Auto,60944,1
911,User_911,22,102877,Bachelor,High,540,Auto,44701,0
912,User_912,55,83558,Primary,High,325,Mortgage,91948,0
913,User_913,61,28396,Primary,High,395,Auto,25186,1
914,User_914,34,147771,Master,High,330,Auto,2019,0
915,User_915,62,146690,Primary,Medium,483,Mortgage,73233,0
916,User_916,38,127224,PhD,Medium,317,Education,81010,0
917,User_917,67,109902,Primary,Medium,557,Auto,89656,0
918,User_918,31,92187,Bachelor,Low,355,Mortgage,87372,1
919,User_919,28,81030,PhD,High,664,Personal,87888,0
920,User_920,44,95813,Master,Medium,744,Personal,87920,0
921,User_921,42,89286,PhD,Medium,485,Mortgage,909,0
922,User_922,51,80817,Secondary,Medium,817,Mortgage,21551,0
923,User_923,59,81399,Master,High,603,Mortgage,37687,0
924,User_924,28,123924,Bachelor,Low,588,Personal,87915,0
925,User_925,34,42655,Secondary,High,842,Education,3358,1
926,User_926,44,113896,Bachelor,Low,349,Personal,48545,0
927,User_927,51,61595,Bachelor,High,541,Education,87211,0
928,User_928,65,31830,PhD,Low,663,Auto,99703,1
929,User_929,25,24580,Master,High,829,Personal,78865,1
930,User_930,64,100011,Master,Low,532,Education,65106,1
931,User_931,53,127644,Primary,Medium,684,Education,60475,1
932,User_932,28,61187,PhD,High,553,Auto,42131,0
933,User_933,64,97661,PhD,Low,686,Education,5342,1
934,User_934,28,29107,Master,Low,537,Mortgage,34795,0
935,User_935,56,56674,Primary,High,690,Personal,78105,1
936,User_936,60,83654,Primary,Low,419,Mortgage,83571,0
937,User_937,69,58536,Master,Low,508,Education,96051,0
938,User_938,39,89159,Bachelor,High,494,Personal,95278,1
939,User_939,18,106025,Bachelor,High,316,Personal,27172,1
940,User_940,19,67131,Secondary,Medium,755,Mortgage,88713,1
941,User_941,21,24933,Secondary,Medium,792,Mortgage,3019,1
942,User_942,35,57127,PhD,High,728,Auto,45284,1
943,User_943,19,76966,Master,High,561,Auto,57242,0
944,User_944,46,39186,Master,Medium,719,Auto,54122,0
945,User_945,60,36538,Secondary,High,809,Auto,64965,1
946,User_946,44,30355,Secondary,Medium,731,Auto,8174,1
947,User_947,27,89620,Primary,High,437,Education,4477,0
948,User_948,28,118783,PhD,High,329,Education,60439,1
949,User_949,19,104610,Secondary,Low,569,Education,85296,1
950,User_950,26,51885,Primary,Medium,455,Education,15902,1
951,User_951,28,35941,Bachelor,High,702,Education,61979,1
952,User_952,54,28206,Master,Medium,546,Personal,63642,0
953,User_953,27,89691,Primary,Medium,747,Education,18280,1
954,User_954,57,137299,Secondary,Medium,559,Auto,74353,1
955,User_955,18,39800,Primary,High,720,Auto,17922,1
956,User_956,46,92939,Bachelor,Medium,693,Auto,37101,1
957,User_957,33,90844,PhD,Low,703,Mortgage,12961,0
958,User_958,58,90813,Master,Medium,463,Mortgage,41455,1
959,User_959,28,45720,PhD,Low,794,Education,33367,0
960,User_960,37,102805,Primary,Low,845,Education,7507,0
961,User_961,30,59398,PhD,Medium,840,Personal,23834,0
962,User_962,19,26704,Primary,High,481,Auto,2625,1
963,User_963,63,77257,Master,Medium,380,Education,18663,0
964,User_964,25,89983,PhD,Low,328,Auto,8811,1
965,User_965,69,61017,Primary,Medium,827,Auto,72235,1
966,User_966,53,60260,Primary,Low,471,Personal,19509,1
967,User_967,60,51247,Primary,High,793,Auto,1840,0
968,User_968,21,90633,Bachelor,Low,355,Mortgage,59730,1
969,User_969,49,111709,PhD,Medium,444,Auto,69169,1
970,User_970,33,145996,Primary,Low,401,Personal,31726,1
971,User_971,21,36221,Bachelor,Medium,849,Mortgage,25770,0
972,User_972,58,120444,Primary,Low,382,Mortgage,23811,0
973,User_973,59,29276,Master,Medium,835,Education,58099,1
974,User_974,22,74532,Secondary,Medium,513,Mortgage,50996,0
975,User_975,67,29240,Primary,Low,784,Auto,33255,0
976,User_976,27,108002,PhD,Low,502,Education,73702,0
977,User_977,46,91752,Master,Low,450,Mortgage,36418,1
978,User_978,54,135041,PhD,Medium,846,Mortgage,59310,1
979,User_979,63,127953,Master,Low,415,Education,65576,0
980,User_980,69,53514,PhD,Medium,390,Auto,69283,0
981,User_981,41,109235,Bachelor,High,509,Education,5443,1
982,User_982,69,81669,Bachelor,Low,317,Auto,82641,1
983,User_983,21,85045,Bachelor,High,550,Auto,17510,1
984,User_984,64,146659,Secondary,Medium,351,Personal,28414,1
985,User_985,50,50280,PhD,Low,801,Education,12145,1
986,User_986,65,65656,Primary,High,707,Education,84599,1
987,User_987,49,47469,Bachelor,Low,709,Personal,30899,1
988,User_988,64,126031,Primary,Low,422,Education,12199,0
989,User_989,29,91337,Bachelor,Low,313,Personal,79324,0
990,User_990,21,32334,Master,Low,824,Education,62571,1
991,User_991,62,31726,PhD,Medium,599,Auto,31407,1
992,User_992,49,89784,Primary,Low,423,Personal,25700,1
993,User_993,26,81738,Bachelor,High,610,Education,6912,1
994,User_994,52,37518,PhD,Medium,829,Education,63093,0
995,User_995,64,110302,Primary,High,542,Personal,81951,1
996,User_996,45,94064,Secondary,High,305,Mortgage,50152,1
997,User_997,42,24598,Master,Low,429,Personal,24508,0
998,User_998,31,71884,Bachelor,Low,455,Auto,40530,0
999,User_999,29,110233,Bachelor,High,645,Auto,63286,0
1000,User_1000,60,81577,PhD,Low,660,Auto,10570,1
